ckyc_number,name,dob,aadhar_number,pan_number
12345678901234,Arun Kumar,1985-06-15,123456789012,ABCDE1234X
56789012345678,Neeta Sharma,1990-11-25,567890123456,EFGHI5678Y
78901234567890,Suresh Patel,1988-03-09,789012345678,HIJKL9012Z
34567890123456,Sunita Reddy,1992-07-18,345678901234,JKLMN3456A
45678901234567,Ravi Singh,1981-12-30,456789012345,NOPQR6789B
67890123456789,Pooja Mehta,1984-04-23,678901234567,QRSTU0123C
89012345678901,Manish Gupta,1979-08-17,890123456789,UVWXY4567D
12345678901235,Rina Agarwal,1991-09-28,123456789013,XYZAB6789E
56789012345679,Amit Yadav,1987-02-05,567890123457,BCDEF9012F
78901234567891,Deepa Joshi,1995-05-22,789012345679,DEFGH3456G
34567890123457,Anil Verma,1986-10-12,345678901235,FGHIJ6789H
45678901234568,Preeti Singh,1989-01-07,456789012346,GHIJK9012I
67890123456790,Vijay Kumar,1993-11-30,678901234568,HIJKL2345J
89012345678902,Rajesh Jain,1983-07-11,890123456790,JKLMN5678K
12345678901236,Shweta Mehta,1982-05-20,123456789014,KLMNO8901L
56789012345680,Sandeep Sharma,1994-03-14,567890123458,LMNOP1234M
78901234567892,Neelam Rani,1978-12-25,789012345680,MNOPQ5678N
34567890123458,Gaurav Choudhury,1980-09-30,345678901236,NOPQR8901O
45678901234569,Meena Patel,1986-04-08,456789012347,OPQRS2345P
67890123456791,Ajay Bansal,1997-10-17,678901234569,PQRST5678Q
89012345678903,Kanika Singh,1992-12-03,890123456791,QRSTU8901R
